Ref,Val,Package,PosX,PosY,Rot,Side
U1,74HC00,SOIC-14,149.352000,-94.462600,0.000000,bottom
U2,74HC00,SOIC-14,134.747000,-94.526100,0.000000,bottom
